{"9999999999999999999|20260313_1700|site:5|seq:1|x:-6|z:19": 1773394084.0116427, "9999999999999999999|20260313_1700|site:6|seq:1|x:-10|z:4": 1773394084.0116427, "9999999999999999999|20260313_1700|site:7|seq:9|x:16|z:1": 1773394084.0116427, "9999999999999999999|20260313_1700|site:8|seq:1|x:9|z:-28": 1773394084.0116427}